USE TP_SUGERIDO_6;

/* INGREDIENTES */
INSERT INTO INGREDIENTES(IDINGREDIENTE, INGREDIENTE) VALUES (1, 'PECETO');
INSERT INTO INGREDIENTES(IDINGREDIENTE, INGREDIENTE) VALUES (2, 'PAN RALLADO');
INSERT INTO INGREDIENTES(IDINGREDIENTE, INGREDIENTE) VALUES (3, 'HUEVO');
INSERT INTO INGREDIENTES(IDINGREDIENTE, INGREDIENTE) VALUES (4, 'PEREJIL');
INSERT INTO INGREDIENTES(IDINGREDIENTE, INGREDIENTE) VALUES (5, 'AJO');
INSERT INTO INGREDIENTES(IDINGREDIENTE, INGREDIENTE) VALUES (6, 'LECHE');
INSERT INTO INGREDIENTES(IDINGREDIENTE, INGREDIENTE) VALUES (7, 'HARINA');
INSERT INTO INGREDIENTES(IDINGREDIENTE, INGREDIENTE) VALUES (8, 'DULCE DE LECHE');


/* UNIDADES */
INSERT INTO UNIDADES(IDUNIDAD, UNIDAD) VALUES (1, 'GRAMOS');
INSERT INTO UNIDADES(IDUNIDAD, UNIDAD) VALUES (2, 'CENTIMETROS CUBICOS');
INSERT INTO UNIDADES(IDUNIDAD, UNIDAD) VALUES (3, 'UNIDADES');
INSERT INTO UNIDADES(IDUNIDAD, UNIDAD) VALUES (4, 'CUCHARADITAS');
INSERT INTO UNIDADES(IDUNIDAD, UNIDAD) VALUES (5, 'PIZCA');
INSERT INTO UNIDADES(IDUNIDAD, UNIDAD) VALUES (6, 'CUCHARADA');
INSERT INTO UNIDADES(IDUNIDAD, UNIDAD) VALUES (7, 'TAZA');
INSERT INTO UNIDADES(IDUNIDAD, UNIDAD) VALUES (8, 'CANTIDAD NECESARIA');

/* CATEGORIAS */
INSERT INTO CATEGORIAS(IDCATEGORIA, CATEGORIA) VALUES (1, 'PLATO FUERTE');
INSERT INTO CATEGORIAS(IDCATEGORIA, CATEGORIA) VALUES (2, 'POSTRE');

/* PLATOS */
INSERT INTO PLATOS (IDPLATO, DESCRIPCION, TIEMPO, DIFICULTAD, VALOR, IDCATEGORIA) 
VALUES(1, 'MILANESAS', 30, 5.5, 40, 1);
INSERT INTO PLATOS (IDPLATO, DESCRIPCION, TIEMPO, DIFICULTAD, VALOR, IDCATEGORIA) 
VALUES(2, 'PANQUEQUES CON DULCE DE LECHE', 25, 6.5, 28, 2);

/* INGREDIENTES_X_PLATO */
INSERT INTO INGREDIENTES_X_PLATO(IDINGREDIENTE, IDPLATO, IDUNIDAD, CANTIDAD)
VALUES(1, 1, 1, 100);
INSERT INTO INGREDIENTES_X_PLATO(IDINGREDIENTE, IDPLATO, IDUNIDAD, CANTIDAD)
VALUES(2, 1, 1, 100);
INSERT INTO INGREDIENTES_X_PLATO(IDINGREDIENTE, IDPLATO, IDUNIDAD, CANTIDAD)
VALUES(3, 1, 3, 2);
INSERT INTO INGREDIENTES_X_PLATO(IDINGREDIENTE, IDPLATO, IDUNIDAD, CANTIDAD)
VALUES(4, 1, 4, 2);
INSERT INTO INGREDIENTES_X_PLATO(IDINGREDIENTE, IDPLATO, IDUNIDAD, CANTIDAD)
VALUES(5, 1, 4, 1);

INSERT INTO INGREDIENTES_X_PLATO(IDINGREDIENTE, IDPLATO, IDUNIDAD, CANTIDAD)
VALUES(6, 2, 2, 500);
INSERT INTO INGREDIENTES_X_PLATO(IDINGREDIENTE, IDPLATO, IDUNIDAD, CANTIDAD)
VALUES(7, 2, 7, 1);
INSERT INTO INGREDIENTES_X_PLATO(IDINGREDIENTE, IDPLATO, IDUNIDAD, CANTIDAD)
VALUES(3, 2, 3, 3);
INSERT INTO INGREDIENTES_X_PLATO(IDINGREDIENTE, IDPLATO, IDUNIDAD, CANTIDAD)
VALUES(8, 2, 8, 1);

/* MOZOS */
INSERT INTO MOZOS (IDMOZO, APELLIDO, NOMBRE, COMISION) VALUES (1, 'SIMON', 'ANGEL', 1.4);
INSERT INTO MOZOS (IDMOZO, APELLIDO, NOMBRE, COMISION) VALUES (2, 'KLOSTER', 'DANIEL', 1.3);

/* PEDIDOS */
SET DATEFORMAT 'YMD'
GO
INSERT INTO PEDIDOS (IDPEDIDO, MESA, FORMA_PAGO, IDMOZO) 
VALUES (1, 1, 'E', 1);

INSERT INTO PLATOS_X_PEDIDO(IDPEDIDO, IDPLATO, FECHAHORA_INICIO, FECHAHORA_FIN, IMPORTE)
VALUES (1, 1, '2012/05/17 12:00', '2012/05/17 12:09', 40)

INSERT INTO PLATOS_X_PEDIDO(IDPEDIDO, IDPLATO, FECHAHORA_INICIO, FECHAHORA_FIN, IMPORTE)
VALUES (1, 1, '2012/05/17 12:05', '2012/05/17 12:11', 40)

--
INSERT INTO PEDIDOS (IDPEDIDO, MESA, FORMA_PAGO, IDMOZO) 
VALUES (2, 2, 'T', 2);

INSERT INTO PLATOS_X_PEDIDO(IDPEDIDO, IDPLATO, FECHAHORA_INICIO, FECHAHORA_FIN, IMPORTE)
VALUES (2, 2, '2012/05/17 12:00', '2012/05/17 12:30', 28)

INSERT INTO PLATOS_X_PEDIDO(IDPEDIDO, IDPLATO, FECHAHORA_INICIO, FECHAHORA_FIN, IMPORTE)
VALUES (2, 2, '2012/05/17 12:00', '2012/05/17 12:30', 28)
--
INSERT INTO PEDIDOS (IDPEDIDO, MESA, FORMA_PAGO, IDMOZO) 
VALUES (3, 1, 'E', 1);

INSERT INTO PLATOS_X_PEDIDO(IDPEDIDO, IDPLATO, FECHAHORA_INICIO, FECHAHORA_FIN, IMPORTE)
VALUES (3, 1, '2012/05/17 12:30', '2012/05/17 13:00', 40)

INSERT INTO PLATOS_X_PEDIDO(IDPEDIDO, IDPLATO, FECHAHORA_INICIO, FECHAHORA_FIN, IMPORTE)
VALUES (3, 1, '2012/05/17 12:30', '2012/05/17 13:00', 40)

INSERT INTO PLATOS_X_PEDIDO(IDPEDIDO, IDPLATO, FECHAHORA_INICIO, FECHAHORA_FIN, IMPORTE)
VALUES (3, 2, '2012/05/17 13:20', '2012/05/17 13:45', 28)

INSERT INTO PLATOS_X_PEDIDO(IDPEDIDO, IDPLATO, FECHAHORA_INICIO, FECHAHORA_FIN, IMPORTE)
VALUES (3, 2, '2012/05/17 13:20', '2012/05/17 13:45', 28)

--

