USE master
GO
--DROP DATABASE PARTE2
--GO
CREATE DATABASE PARTE2
GO
USE PARTE2
GO
CREATE TABLE VECINOS(
	DNI VARCHAR(10) NOT NULL PRIMARY KEY,
	APELLIDOS VARCHAR(50) NOT NULL,
	NOMBRES VARCHAR(50) NOT NULL,
	GENERO CHAR NOT NULL
)
GO
CREATE TABLE TIPOS_PROPIEDADES(
	ID SMALLINT NOT NULL PRIMARY KEY,
	TIPO VARCHAR(50) NOT NULL
)
GO
CREATE TABLE PROPIEDADES(
	ID INT NOT NULL PRIMARY KEY,
	IDTIPO SMALLINT NOT NULL FOREIGN KEY REFERENCES TIPOS_PROPIEDADES(ID),
	DNI VARCHAR(10) NOT NULL FOREIGN KEY REFERENCES VECINOS(DNI),
	DOMICILIO VARCHAR(150) NULL,
	SUPERFICIE DECIMAL(10, 2) NOT NULL,
	SUPERFICIE_CONSTRUIDA DECIMAL(10, 2) NOT NULL,
	VALOR MONEY NOT NULL,
	ANTIGUEDAD SMALLINT NOT NULL
)
GO
-- VECINOS
INSERT INTO VECINOS (DNI, APELLIDOS, NOMBRES, GENERO) VALUES (1, 'SEINFELD', 'JERRY', 'M')
INSERT INTO VECINOS (DNI, APELLIDOS, NOMBRES, GENERO) VALUES (2, 'BENES', 'ELAINE', 'F')
INSERT INTO VECINOS (DNI, APELLIDOS, NOMBRES, GENERO) VALUES (3, 'COSTANZA', 'GEORGE', 'M')
INSERT INTO VECINOS (DNI, APELLIDOS, NOMBRES, GENERO) VALUES (4, 'KRAMER', 'COSMO', 'M')

-- TIPOS_PROPIEDADS
INSERT INTO TIPOS_PROPIEDADES (ID, TIPO) VALUES (1, 'TERRENO BALDÍO')
INSERT INTO TIPOS_PROPIEDADES (ID, TIPO) VALUES (2, 'CASA')
INSERT INTO TIPOS_PROPIEDADES (ID, TIPO) VALUES (3, 'PH')
INSERT INTO TIPOS_PROPIEDADES (ID, TIPO) VALUES (4, 'DEPARTAMENTO')
INSERT INTO TIPOS_PROPIEDADES (ID, TIPO) VALUES (5, 'LOCAL COMERCIAL')

-- PROPIEDADES
INSERT INTO PROPIEDADES(ID, IDTIPO, DNI, DOMICILIO, SUPERFICIE, SUPERFICIE_CONSTRUIDA, VALOR, ANTIGUEDAD)
VALUES (1, 1, 1, '', 540, 0, 950000, 0)
INSERT INTO PROPIEDADES(ID, IDTIPO, DNI, DOMICILIO, SUPERFICIE, SUPERFICIE_CONSTRUIDA, VALOR, ANTIGUEDAD)
VALUES (2, 2, 1, '', 300, 100, 2950000, 5)
INSERT INTO PROPIEDADES(ID, IDTIPO, DNI, DOMICILIO, SUPERFICIE, SUPERFICIE_CONSTRUIDA, VALOR, ANTIGUEDAD)
VALUES (3, 5, 1, '', 100, 100, 4000000, 4)
INSERT INTO PROPIEDADES(ID, IDTIPO, DNI, DOMICILIO, SUPERFICIE, SUPERFICIE_CONSTRUIDA, VALOR, ANTIGUEDAD)
VALUES (4, 2, 1, '', 400, 0, 1300000, 10)
INSERT INTO PROPIEDADES(ID, IDTIPO, DNI, DOMICILIO, SUPERFICIE, SUPERFICIE_CONSTRUIDA, VALOR, ANTIGUEDAD)
VALUES (5, 2, 2, '', 250, 180, 4000000, 10)
INSERT INTO PROPIEDADES(ID, IDTIPO, DNI, DOMICILIO, SUPERFICIE, SUPERFICIE_CONSTRUIDA, VALOR, ANTIGUEDAD)
VALUES (6, 2, 4, '', 52, 52, 4500000, 0)
INSERT INTO PROPIEDADES(ID, IDTIPO, DNI, DOMICILIO, SUPERFICIE, SUPERFICIE_CONSTRUIDA, VALOR, ANTIGUEDAD)
VALUES (7, 2, 1, '', 1000, 0, 1500000, 3)
INSERT INTO PROPIEDADES(ID, IDTIPO, DNI, DOMICILIO, SUPERFICIE, SUPERFICIE_CONSTRUIDA, VALOR, ANTIGUEDAD)
VALUES (8, 2, 1, '', 700, 0, 750000, 15)
INSERT INTO PROPIEDADES(ID, IDTIPO, DNI, DOMICILIO, SUPERFICIE, SUPERFICIE_CONSTRUIDA, VALOR, ANTIGUEDAD)
VALUES (9, 3, 2, '', 300, 40, 900000, 7)